item_id,item_name,item_type,rank_type,item_description,item_path
20000,Arrows,Light Cone,3,"At the start of the battle, the wearer's CRIT Rate increases by 12/15/18/21/24% for 3 turn(s).",The Hunt
20001,Cornucopia,Light Cone,3,"When the wearer uses their Skill or Ultimate, their Outgoing Healing increases by 12/15/18/21/24%.",Abundance
20002,Collapsing Sky,Light Cone,3,Increases the wearer's Basic ATK and Skill DMG by 20/25/30/35/40%.,Destruction
20003,Amber,Light Cone,3,"Increases the wearer's DEF by 16/20/24/28/32%. If the wearer's current HP is lower than 50%, increases their DEF by a further 16/20/24/28/32%.",Preservation
20004,Void,Light Cone,3,"At the start of the battle, the wearer's Effect Hit Rate increases by 20/25/30/35/40% for 3 turn(s).",Nihility
20005,Chorus,Light Cone,3,"At the start of the battle, the wearer's Effect Hit Rate increases by 20/25/30/35/40% for 3 turn(s).",Harmony
20006,Databank,Light Cone,3,Increases the wearer's Ultimate DMG by 28/35/42/49/56%.,Erudition
20007,Darting Arrow,Light Cone,3,"When the wearer defeats an enemy, increases ATK by 24/30/36/42/48% for 3 turn(s).",The Hunt
20008,Fine Fruit,Light Cone,3,"At the start of the battle, immediately regenerates 6/8/9/11/12 Energy for all allies.",Abundance
20009,Shattered Home,Light Cone,3,The wearer deals 20/25/30/35/40% more DMG to enemy targets whose HP percentage is greater than 50%.,Destruction
20010,Defense,Light Cone,3,"When the wearer unleashes their Ultimate, they restore HP by 18/21/24/27/30% of their Max HP.",Preservation
20011,Loop,Light Cone,3,Increases DMG dealt from its wearer to Slowed enemies by 24/30/36/42/48%.,Nihility
20012,Meshing Cogs,Light Cone,3,"After the wearer uses attacks or gets hit, additionally regenerates 4/5/6/7/8 Energy. This effect cannot be repeatedly triggered in a single turn.",Harmony
20013,Passkey,Light Cone,3,"After the wearer uses their Skill, additionally regenerates 8/9/10/11/12 Energy. This effect cannot be repeatedly triggered in a single turn.",Erudition
20014,Adversarial,Light Cone,3,"When the wearer defeats an enemy, increases SPD by 10/12/14/16/18% for 2 turn(s).",The Hunt
20015,Multiplication,Light Cone,3,"After the wearer uses their Basic ATK, their next action will be Advanced Forward by 12%.",Abundance
20016,Mutual Demise,Light Cone,3,"If the wearer's current HP is lower than 80%, CRIT Rate increases by 12/15/18/21/24%.",Destruction
20017,Pioneering,Light Cone,3,"When the wearer Breaks an enemy's Weakness, the wearer restores HP by 12/14/16/18/20% of their Max HP.",Preservation
20018,Hidden Shadow,Light Cone,3,"After using Skill, the wearer's next Basic ATK deals Additional DMG equal to 60/75/90/105/120% of ATK to the target enemy.",Nihility
20019,Mediation,Light Cone,3,"Upon entering battle, increases SPD of all allies by 12/14/16/18/20 points for 1 turn(s).",Harmony
20020,Sagacity,Light Cone,3,"When the wearer uses their Ultimate, increases ATK by 24/30/36/42/48% for 2 turn(s).",Erudition
20021,Shadowburn,Light Cone,3,"When the wearer summons memosprite for the first time, recovers 1 Skill Point(s) and regenerates 12 Energy for this unit.",Remembrance
20022,Reminiscence,Light Cone,3,"When memosprite's turn starts, the wearer and memosprite each gain 1 stack of "Commemoration." Each stack increases DMG dealt by 8%, stacking up to 4 time(s). When memosprite disappears, removes "Commemoration" from the wearer and memosprite.",Remembrance
21000,Post-Op Conversation,Light Cone,4,"Increases the wearer's Energy Regeneration Rate by 8/10/12/14/16% and increases Outgoing Healing when they use their Ultimate by 12/15/18/21/24%".,Abundance
21001,Good Night and Sleep Well,Light Cone,4,"For every debuff the target enemy has, the DMG dealt by the wearer increases by 12/15/18/21/24%, stacking up to 3 time(s). This effect also applies to DoT.",Nihility
21002,Day One of My New Life,Light Cone,4,"Increases the wearer's DEF by 16/18/20/22/24%. After entering battle, increases All-Type RES of all allies by 8/9/10/11/12%. Effects of the same type cannot stack.",Preservation
21003,Only Silence Remains,Light Cone,4,"Increases the wearer's ATK by 16/20/24/28/32%. If there are 2 or fewer enemies on the field, increases wearer's CRIT Rate by 12/15/18/21/24%.",The Hunt
21004,Memories of the Past,Light Cone,4,"Increases the wearer's Break Effect by 28/35/42/49/56%. When the wearer attacks, additionally regenerates 4/5/6/7/8 Energy. This effect cannot be repeatedly triggered in a single turn.",Harmony
21005,The Moles Welcome You,Light Cone,4,"When the wearer uses Basic ATK, Skill, or Ultimate to attack enemies, the wearer gains one stack of Mischievous. Each stack increases the wearer's ATK by 12/15/18/21/24%.",Destruction
21006,The Birth of the Self,Light Cone,4,"Increases DMG dealt by the wearer's follow-up attacks by 24/30/36/42/48%. If the current HP of the target enemy is below or equal to 50%, increases DMG dealt by follow-up attacks by an extra 24/30/36/42/48%.",Erudition
21007,Shared Feeling,Light Cone,4,"Increases the wearer's Outgoing Healing by 10/12.5/15/17.5/20%. When using Skill, regenerates 2/2.5/3/3.5/4 Energy for all allies.",Abundance
21008,Eyes of the Prey,Light Cone,4,"Increases the wearer's Effect Hit Rate by 20/25/30/35/40% and increases DoT by 24/30/36/42/48%.",Nihility
21009,Landau's Choice,Light Cone,4,"The wearer is more likely to be attacked, and DMG taken is reduced by 16/18/20/22/24%.",Preservation
21010,Swordplay,Light Cone,4,"For each time the wearer hits the same target, DMG dealt increases by 8/10/12/14/16%, stacking up to 5 time(s). This effect will be dispelled when the wearer changes targets.",The Hunt
21011,Planetary Rendezvous,Light Cone,4,"After entering battle, if an ally deals the same DMG Type as the wearer, DMG dealt increases by 12/15/18/21/24%.",Harmony
21012,A Secret Vow,Light Cone,4,"Increases DMG dealt by the wearer by 20/25/30/35/40%. The wearer also deals an extra 20/25/30/35/40% of DMG to enemies whose current HP percentage is equal to or higher than the wearer's current HP percentage.",Destruction
21013,Make the World Clamor,Light Cone,4,"The wearer regenerates 20/23/26/29/32 Energy immediately upon entering battle, and increases Ultimate DMG by 32/40/48/56/64%.",Erudition
21014,Perfect Timing,Light Cone,4,"Increases the wearer's Effect RES by 16/20/24/28/32% and increases Outgoing Healing by an amount that is equal to 33/36/39/42/45% of Effect RES. Outgoing Healing can be increased this way by up to 15/18/21/24/27%.",Abundance
21015,Resolution Shines As Pearls of Sweat,Light Cone,4,"When the wearer hits an enemy and if the hit enemy is not already Ensnared, then there is a 60/70/80/90/100% base chance to Ensnare the hit enemy. Ensnared enemies' DEF decreases by 12/13/14/15/16% for 1 turn(s).",Nihility
21016,Trend of the Universal Market,Light Cone,4,"Increases the wearer's DEF by 16/20/24/28/32%. When the wearer is attacked, there is a 100/105/110/115/120% base chance to Burn the enemy. For each turn, the wearer deals DoT that is equal to 40/50/60/70/80% of the wearer's DEF for 2 turn(s).",Preservation
21017,Subscribe for More!,Light Cone,4,"Increases the DMG of the wearer's Basic ATK and Skill by 24/30/36/42/48%. This effect increases by an extra 24/30/36/42/48% when the wearer's current Energy reaches its max level.",The Hunt
21018,Dance! Dance! Dance!,Light Cone,4,"When the wearer uses their Ultimate, all allies' actions are Advanced Forward by 16/18/20/22/24%.",Harmony
21019,Under the Blue Sky,Light Cone,4,"Increases the wearer's ATK by 16/20/24/28/32%. When the wearer defeats an enemy, the wearer's CRIT Rate increases by 12/15/18/21/24% for 3 turn(s).",Destruction
21020,Geniuses' Repose,Light Cone,4,"Increases the wearer's ATK by 16/20/24/28/32%. When the wearer defeats an enemy, the wearer's CRIT DMG increases by 24/30/36/42/48% for 3 turn(s).",Erudition
21021,Quid Pro Quo,Light Cone,4,"At the start of the wearer's turn, regenerates 8/10/12/14/16 Energy for a randomly chosen ally (excluding the wearer) whose current Energy is lower than 50%.",Abundance
21022,Fermata,Light Cone,4,"Increases the wearer's Break Effect by 16/20/24/28/32%, and increases their DMG to enemies afflicted with Shock or Wind Shear by 16/20/24/28/32%. This also applies to DoT.",Nihility
21023,We Are Wildfire,Light Cone,4,"At the start of the battle, the DMG dealt to all allies decreases by 8/10/12/14/16% for 5 turn(s). At the same time, immediately restores HP to all allies equal to 30/35/40/45/50% of the respective HP difference between the characters' Max HP and current HP.",Preservation
21024,River Flows in Spring,Light Cone,4,"After entering battle, increases the wearer's SPD by 8/9/10/11/12% and DMG by 12/15/18/21/24%. When the wearer takes DMG, this effect will disappear. This effect will resume after the end of the wearer's next turn.",The Hunt
21025,Past and Future,Light Cone,4,"When the wearer uses their Skill, the next ally taking action (except the wearer) deals 16/20/24/30/34% increased DMG for 1 turn(s).",Harmony
21026,Woof! Walk Time!,Light Cone,4,"Increases the wearer's ATK by 10/12.5/15/17.5/20%, and increases their DMG to enemies afflicted with Burn or Bleed by 16/20/24/28/32%. This also applies to DoT.",Destruction
21027,The Seriousness of Breakfast,Light Cone,4,"Increases the wearer's DMG by 12/15/18/21/24%. For every enemy defeated by the wearer, the wearer's ATK increases by 4/5/6/7/8%, stacking up to 3 time(s).",Erudition
21028,Warmth Shortens Cold Nights,Light Cone,4,"Increases the wearer's Max HP by 16/20/24/30/35%. When using Basic ATK or Skill, restores all allies' HP by an amount equal to 2/2.5/3/3.5/4% of their respective Max HP.",Abundance
21029,We Will Meet Again,Light Cone,4,"After the wearer uses Basic ATK or Skill, deals Additional DMG equal to 48/60/72/84/96% of the wearer's ATK to a random enemy that has been attacked.",Nihility
21030,This Is Me!,Light Cone,4,"Increases the wearer's DEF by 16/20/24/28/32%. Increases the DMG of the wearer when they use their Ultimate by 60/75/90/105/120% of the wearer's DEF. This effect only applies 1 time per enemy target during each use of the wearer's Ultimate.",Preservation
21031,Return to Darkness,Light Cone,4,"Increases the wearer's CRIT Rate by 12/15/18/21/24%. After a CRIT Hit, there is a 16/18/20/22/24% fixed chance to dispel 1 buff on the target enemy. This effect can only trigger 1 time per attack.",The Hunt
21032,"Carve the Moon, Weave the Clouds",Light Cone,4,"At the start of the battle and whenever the wearer's turn begins, one of the following effects is applied randomly: All allies' ATK increases by 10/12.5/15/17.5/20%, all allies' CRIT DMG increases by 12/15/18/21/24%, or all allies' Energy Regeneration Rate increases by 6/7.5/9/10.5/12%. The applied effect cannot be identical to the last effect applied, and will replace the previous effect. The applied effect will be removed when the wearer has been knocked down. Effects of the similar type cannot be stacked.",Harmony
21033,Nowhere to Run,Light Cone,4,"Increases the wearer's ATK by 24/30/36/42/48%. Whenever the wearer defeats an enemy, they restore HP equal to 12/15/18/21/24% of their ATK.",Destruction
21034,Today Is Another Peaceful Day,Light Cone,4,"After entering battle, increases the wearer's DMG based on their Max Energy. DMG increases by 0.2/0.25/0.3/0.35/0.40% per point of Energy, up to 160 Energy.",Erudition
21035,"What Is Real?",Light Cone,4,"Increases the wearer's Break Effect by 24/30/36/42/48%. After using Basic ATK, restores HP for the wearer by an amount equal to 2/2.5/3/3.5/4% of Max HP plus 800.",Abundance
21036,Dreamville Adventure,Light Cone,4,"After the wearer uses a certain type of ability such as Basic ATK, Skill, or Ultimate, all allies gain Childishness, which increases allies' DMG for the same type of ability as used by the wearer by 16/18/20/22/24%. Childishness only takes effect for the most recent type of ability the wearer used and cannot be stacked.",Harmony
21037,Final Victor,Light Cone,4,"Increases the wearer's ATK by 12/14/16/18/20%. When the wearer lands a CRIT hit on enemies, gains 1 stack of Good Fortune. This can stack up to 4 time(s). Every stack of Good Fortune increases the wearer's CRIT DMG by 8/9/10/11/12%. Good Fortune will be removed at the end of the wearer's turn.",The Hunt
21038,Flames Afar,Light Cone,4,"When the wearer's cumulative HP loss during one attack exceeds 25% of their Max HP, or if the amount of their own HP consumed at one time is greater than 25% of their Max HP, immediately heals the wearer for 15% of their Max HP, and at the same time, increases the DMG they deal by 25/31.25/37.5/43.75/50% for 2 turn(s). This effect can only be triggered once every 3 turn(s).",Destruction
21039,"Destiny's Threads Forewoven",Light Cone,4,"Increases the wearer's Effect RES by 12/14/16/18/20%. For every 100 of DEF the wearer has, increases the wearer's DMG dealt by 0.8/0.9/1/1.1/1.2%, up to a maximum DMG increase of 32/40/44/48/52%.",Preservation
21040,The Day The Cosmos Fell,Light Cone,4,"Increases the wearer's ATK by 16/18/20/22/24%. When the wearer uses an attack and at least 2 attacked enemies have the corresponding Weakness, the wearer's CRIT DMG increases by 20/25/30/35/40%, lasting for 2 turn(s).",Erudition
21041,"It's Showtime",Light Cone,4,"When the wearer inflicts a debuff on an enemy, gains a stack of Trick. Every stack of Trick increases the wearer's DMG dealt by 6/7/8/9/10%, stacking up to 3 time(s). This effect lasts for 1 turn(s). When the wearer's Effect Hit Rate is 80% or higher, increases ATK by 20/24/28/32/36%.",Nihility
21042,Indelible Promise,Light Cone,4,"Increases the wearer's Break Effect by 28/35/42/49/56%. When the wearer uses their Ultimate, increases CRIT Rate by 15/18.75/22.5/26.25/30%, lasting for 2 turn(s).",Destruction
21043,Concert for Two,Light Cone,4,"Increases the wearer's DEF by 16/20/24/28/32%. For every on-field character that has a Shield, the DMG dealt by the wearer increases by 4/5/6/7/8%.",Preservation
21044,Boundless Choreo,Light Cone,4,"Increase the wearer's CRIT Rate by 8/10/12/14/16%. The wearer deals 24/30/36/42/48% more CRIT DMG to enemies that are currently Slowed or have reduced DEF.",Nihility
21045,After the Charmony Fall,Light Cone,4,"Increases the wearer's Break Effect by 28/35/42/49/56%. After the wearer uses Ultimate, increases SPD by 8/10/12/14/16%, lasting for 2 turn(s).",Erudition
21046,Poised to Bloom,Light Cone,4,"Increases the wearer's ATK by 16/20/24/28/32%. Upon entering battle, if two or more characters follow the same Path, then these characters' CRIT DMG increases by 16/20/24/28/32%. Abilities of the same type cannot stack.",Harmony
21047,Shadowed by Night,Light Cone,4,"Increases the wearer's Break Effect by 28/35/42/49/56%. When entering battle or after dealing Break DMG, increases SPD by 8/9/10/11/12%, lasting for 2 turn(s). This effect can only trigger once per turn.",The Hunt
21048,"Dream's Montage",Light Cone,4,"Increases the wearer's SPD by 8/9/10/11/12%. After attacking enemy targets that are Weakness Broken, regenerates 3/3.5/4/4.5/5 Energy. This effect can trigger up to 2 time(s) per turn.",Abundance
22000,Before the Tutorial Mission Starts,Light Cone,4,"Increases the wearer's Effect Hit Rate by 20/25/30/35/40%. When the wearer attacks DEF-reduced enemies, regenerates 4 Energy.",Nihility
22001,"Hey, Over Here",Light Cone,4,"Increases the wearer's Max HP by 8/9/10/11/12%. When the wearer uses their Skill, increases Outgoing Healing by 16/19/22/25/28%, lasting for 2 turn(s).",Abundance
22002,"For Tomorrow's Journey",Light Cone,4,"Increases the wearer's ATK by 16/20/24/28/32%. After the wearer uses their Ultimate, increases their DMG dealt by 18/21/24/27/30%, lasting for 1 turn(s).",Harmony
22003,"Ninja Record: Sound Hunt",Light Cone,4,"Increases the wearer's Max HP by 12/15/18/21/24%. When losing or restoring this unit's HP, increases CRIT DMG by 18/22.5/27/31.5/36%, lasting for 2 turn(s). This effect can only trigger once per turn.",Destruction
22004,The Great Cosmic Enterprise,Light Cone,4,"Increases the wearer's ATK by 8/10/12/14/16%. For every different Weakness Type an enemy target has, increases the DMG dealt by the wearer by 4/5/6/7/8%, up to a max of 7 Weakness Types.",Erudition
23000,Night on the Milky Way,Light Cone,5,"For every enemy on the field, increases the wearer's ATK by 9/10.5/12/13.5/15%, up to 5 stacks. When an enemy is inflicted with Weakness Break, the DMG dealt by the wearer increases by 30/35/40/45/50% for 1 turn.",Erudition
23001,In the Night,Light Cone,5,"Increases the wearer's CRIT Rate by 18/21/24/27/30%. While the wearer is in battle, for every 10 SPD that exceeds 100, the DMG of the wearer's Basic ATK and Skill is increased by 6/7/8/9/10% and the CRIT DMG of their Ultimate is increased by 12/14/16/18/20%. This effect can stack up to 6 time(s).",The Hunt
23002,Something Irreplaceable,Light Cone,5,"Increases the wearer's ATK by 24/26/28/30%. When the wearer defeats an enemy or is hit, immediately restores HP equal to 8/9/10/11/12% of the wearer's ATK. At the same time, the wearer's DMG is increased by 24/28/32/36/40% until the end of their next turn. This effect cannot stack and can only trigger 1 time per turn.",Destruction
23003,"But the Battle Isn't Over",Light Cone,5,"Increases the wearer's Energy Regeneration Rate by 10/12/14/16/18% and regenerates 1 Skill Point when the wearer uses their Ultimate on an ally. This effect can be triggered once after every 2 uses of the wearer's Ultimate. When the wearer uses their Skill, the next ally taking action (except the wearer) deals 30/35/40/45/50% more DMG for 1 turn(s).",Harmony
23004,In the Name of the World,Light Cone,5,"Increases the wearer's DMG to debuffed enemies by 24/28/32/36/40%. When the wearer uses their Skill, the Effect Hit Rate for this attack increases by 18/21/24/27/30%, and ATK increases by 24/28/32/36/40%.",Nihility
23005,Moment of Victory,Light Cone,5,"Increases the wearer's DEF by 24/28/32/36/40% and Effect Hit Rate by 24/28/32/36/40%. Increases the chance for the wearer to be attacked by enemies. When the wearer is attacked, increase their DEF by an extra 24/28/32/36/40% until the end of the wearer's turn.",Preservation
23006,Patience Is All You Need,Light Cone,5,"Increases DMG dealt by the wearer by 24/28/32/36/40%. After every attack launched by wearer, their SPD increases by 4.8/5.6/6.4/7.2/8%, stacking up to 3 times. If the wearer hits an enemy target that is not afflicted by Erode, there is a 100% base chance to inflict Erode to the target. Enemies afflicted with Erode are also considered to be Shocked and will receive Lightning DoT at the start of each turn equal to 60/70/80/90/100% of the wearer's ATK, lasting for 1 turn(s).",Nihility
23007,Incessant Rain,Light Cone,5,"Increases the wearer's Effect Hit Rate by 24/28/32/36/42%. When the wearer deals DMG to an enemy that currently has 3 or more debuffs, increases the wearer's CRIT Rate by 12/14/16/18/20%. After the wearer uses their Basic ATK, Skill, or Ultimate, there is a 100% base chance to implant Aether Code on a random hit target that does not yet have it. Targets with Aether Code receive 12/14/16/18/20% increased DMG for 1 turn.",Nihility
23008,Echoes of the Coffin,Light Cone,5,"Increases the wearer's ATK by 24/28/32/36/40%. After the wearer uses an attack, for each different enemy target the wearer hits, regenerates 3/3.5/4/4.5/5 Energy. Each attack can regenerate Energy up to 3 time(s) this way. After the wearer uses their Ultimate, all allies gain 12/14/16/18/20 SPD for 1 turn.",Abundance
23009,The Unreachable Side,Light Cone,5,"Increases the wearer's CRIT rate by 18/21/24/27/30% and increases their Max HP by 18/21/24/27/30%. When the wearer is attacked or consumes their own HP, their DMG increases by 24/28/32/36/40%. This effect is removed after the wearer uses an attack.",Destruction
23010,Before Dawn,Light Cone,5,"Increases the wearer's CRIT DMG by 36/42/48/56/64%. Increases the wearer's Skill and Ultimate DMG by 18/21/24/27/30%. After the wearer uses their Skill or Ultimate, they gain Somnus Corpus. Upon triggering a follow-up attack, Somnus Corpus will be consumed and the follow-up attack DMG increases by 48/56/64/72/80%.",Erudition
23011,She Already Shut Her Eyes,Light Cone,5,"Increases the wearer's Max HP by 24/28/32/36/40% and Energy Regeneration Rate by 12/14/16/18/20%. When the wearer's HP is reduced, all allies' DMG dealt increases by 9/10.5/12/13.5/15%, lasting for 2 turn(s). At the start of every wave, restores HP to all allies by an amount equal to 80/85/90/95/100% of their respective lost HP.",Preservation
23012,Sleep Like the Dead,Light Cone,5,"Increases the wearer's CRIT DMG by 30/35/40/45/50%. When the wearer's Basic ATK or Skill does not result in a CRIT Hit, increases their CRIT Rate by 36/42/48/54/60% for 1 turn(s). This effect can only trigger once every 3 turn(s).",The Hunt
23013,Time Waits for No One,Light Cone,5,"Increases the wearer's Max HP by 18/21/24/27/30% and Outgoing Healing by 12/14/16/18/20%. When the wearer heals allies, record the amount of Outgoing Healing. When any ally launches an attack, a random attacked enemy takes Additional DMG equal to 36/42/48/54/60% of the recorded Outgoing Healing value. The type of this Additional DMG is of the same Type as the wearer's. This Additional DMG is not affected by other buffs, and can only occur 1 time per turn.",Abundance
23014,I Shall Be My Own Sword,Light Cone,5,"Increases the wearer's CRIT DMG by 20/23/26/29/32%. When an ally (excluding the wearer) gets attacked or loses HP, the wearer gains 1 stack of Eclipse, up to a max of 3 stack(s). Each stack of Eclipse increases the DMG of the wearer's next attack by 14/15.5/17/18.5/20%. When 3 stack(s) are reached, additionally enables that attack to ignore 12/14/16/18/20% of the enemy's DEF. This effect will be removed after the wearer uses an attack.",Destruction
23015,Brighter Than the Sun,Light Cone,5,"Increases the wearer's CRIT Rate by 18/21/24/27/30%. When the wearer uses their Basic ATK, they will gain 1 stack of Dragon's Call, lasting for 2 turns. Each stack of Dragon's Call increases the wearer's ATK by 18/21/24/27/30% and Energy Regeneration Rate by 6/7/8/9/10%. Dragon's Call can be stacked up to 2 times.",Destruction
23016,"Worrisome, Blissful",Light Cone,5,"Increase the wearer's CRIT Rate by 18/21/24/27/30% and their follow-up attacks' DMG by 30/35/40/45/50%. After the wearer uses a follow-up attack, apply the Tame state to the target, stacking up to 2 stacks. When allies hit enemy targets under the Tame state, every Tame stack increases the CRIT DMG dealt by 12/14/16/18/20%.",The Hunt
23017,Night of Fright,Light Cone,5,"Increases the wearer's Energy Regeneration Rate by 12/14/16/18/20%. When any ally uses their Ultimate, the wearer restores HP for the ally currently with the lowest HP percentage by an amount equal to 10/11/12/13/14% of the healed ally's Max HP. When the wearer provides healing for an ally, increases the healed ally's ATK by 2.4/2.8/3.2/3.6/4%. This effect can stack up to 5 times and lasts for 2 turn(s).",Abundance
23018,An Instant Before A Gaze,Light Cone,5,"Increases the wearer's CRIT DMG by 36/42/48/54/60%. When the wearer uses Ultimate, increases the wearer's Ultimate DMG based on their Max Energy. Each point of Energy increases the Ultimate DMG by 0.36/0.42/0.48/0.54/0.60%, up to 180 points of Energy.",Erudition
23019,Past Self in Mirror,Light Cone,5,"Increases the wearer's Break Effect by 60/70/80/90/100%. When the wearer uses their Ultimate, increases all allies' DMG by 24/28/32/36/40%, lasting for 3 turn(s). Should the wearer's Break Effect exceed or equal 150%, 1 Skill Point will be recovered. At the start of each wave, all allies regenerate 10/12.5/15/17.5/20 Energy immediately. Effects of the same type cannot stack.",Harmony
23020,Baptism of Pure Thought,Light Cone,5,"Increases the wearer's CRIT DMG by 20/23/26/29/32%. For every debuff on the enemy target, the wearer's CRIT DMG dealt against this target additionally increases by 8/9/10/11/12%, stacking up to 3 times. When using Ultimate to attack the enemy target, the wearer receives the Disputation effect, which increases DMG dealt by 36/42/48/56/62% and enables their follow-up attacks to ignore 24/28/32/36/40% of the target's DEF. This effect lasts for 2 turns.",The Hunt
23021,Earthly Escapade,Light Cone,5,"Increases the wearer's CRIT DMG by 36/42/48/54/60%. At the start of the battle, the wearer gains Mask, lasting for 3 turn(s). While the wearer has Mask, the wearer's allies have their CRIT Rate increased by 10/11/12/13/14% and their CRIT DMG increased by 28/35/42/49/56%. For every 1 Skill Point the wearer recovers (including Skill Points that exceed the limit), they gain 1 stack of Radiant Flame. And when the wearer has 4 stacks of Radiant Flame, all the stacks are removed, and they gain Mask, lasting for 4 turn(s).",Harmony
23022,Reforged Remembrance,Light Cone,5,"Increases the wearer's Effect Hit Rate by 40/45/50/55/60%. When the wearer deals DMG to an enemy inflicted with Wind Shear, Burn, Shock, or Bleed, each respectively grants 1 stack of Prophet, stacking up to 4 time(s). In a single battle, only 1 stack of Prophet can be granted for each type of DoT. Every stack of Prophet increases wearer's ATK by 5/6/7/8/9% and enables the DoT dealt to ignore 7.2/7.9/8.6/9.3/10% of the target's DEF.",Nihility
23023,Inherently Unjust Destiny,Light Cone,5,"Increases the wearer's DEF by 40/46/52/58/64%. When the wearer provides a Shield to an ally, the wearer's CRIT DMG increases by 40/46/52/58/64%, lasting for 2 turn(s). When the wearer's follow-up attack hits an enemy target, there is a 100/115/130/145/160% base chance to increase the DMG taken by the attacked enemy target by 10/11.5/13/14.5/16%, lasting for 2 turn(s).",Preservation
23024,Along the Passing Shore,Light Cone,5,"Increases the wearer's CRIT DMG by 36/42/48/54/60%. When the wearer hits an enemy target, inflicts Mirage Fizzle on the enemy, lasting for 1 turn. Each time the wearer attacks, this effect can only trigger 1 time on each target. The wearer deals 24/28/32/36/40% increased DMG to targets afflicted with Mirage Fizzle, and the DMG dealt by the wearer's Ultimate additionally increases by 24/28/32/36/40%.",Nihility
23025,Whereabouts Should Dreams Rest,Light Cone,5,"Increases the wearer's Break Effect by 60/70/80/90/100%. When the wearer deals Break DMG to an enemy target, inflicts Routed on the enemy, lasting for 2 turn(s). Targets afflicted with Routed receive 24/28/32/36/40% increased Break DMG from the wearer, and their SPD is lowered by 20%. Effects of the similar type cannot be stacked.",Destruction
23026,Flowing Nightglow,Light Cone,5,"Every time an ally attacks, the wearer gains 1 stack of Cantillation. Each stack of Cantillation increases the wearer's Energy Regeneration Rate by 3/3.5/4/4.5/5%, stacking up to 5 time(s). When the wearer uses their Ultimate, removes Cantillation and gains Cadenza. Cadenza increases the Wearer's ATK by 48/60/72/84/96% and increases all allies' DMG dealt by 24/28/32/36/40%, lasting for 1 turn(s).",Harmony
23027,Sailing Towards a Second Life,Light Cone,5,"Increases the wearer's Break Effect by 60/70/80/90/100%. The Break DMG dealt by the wearer ignores 20/23/26/29/32% of the target's DEF. When the wearer's Break Effect in battle is at 150% or greater, increases their SPD by 12/14/16/18/20%.",The Hunt
23028,Yet Hope Is Priceless,Light Cone,5,"Increases the wearer's CRIT Rate by 16/19/22/25/28%. While the wearer is in battle, for every 20% CRIT DMG that exceeds 120%, the DMG dealt by follow-up attack increases by 12/14/16/18/20%. This effect can stack up to 4 time(s). When the battle starts or after the wearer uses their Basic ATK, enables Ultimate or the DMG dealt by follow-up attack to ignore 20/24/28/32/36% of the target's DEF, lasting for 2 turn(s).",Erudition
23029,Those Many Springs,Light Cone,5,"Increases the wearer's Effect Hit Rate by 60/70/80/90/100%. After the wearer uses Basic ATK, Skill, or Ultimate to attack an enemy target, there is a 60% base chance to inflict "Unarmored" on the target. While in the Unarmored state, the enemy target receives 10/12/14/16/18% increased DMG, lasting for 2 turn(s). If the target is under a DoT state inflicted by the wearer, there is a 60% base chance to upgrade the "Unarmored" state inflicted by the wearer to the "Cornered" state, which additionally increases the DMG the target enemy receives by 14/16/18/20/22%, lasting for 2 turn(s). During this period, the wearer cannot inflict "Unarmored" on the target.",Nihility
23030,Dance at Sunset,Light Cone,5,"Greatly increases the odds that the wearer will be attacked and increases the wearer's CRIT DMG by 36/42/48/54/60%. After the wearer uses their Ultimate, they receive 1 stack of Firedance, lasting for 2 turns and up to 2 stacks. Each stack of Firedance increases the DMG dealt by the wearer's follow-up attack by 36/42/48/54/60%.",Destruction
23031,I Venture Forth to Hunt,Light Cone,5,"Increases the wearer's CRIT Rate by 15/17.5/20/22.5/25%. When the wearer launches a follow-up attack, gains 1 stack of "Luminflux," to a max of 2 stacks. Each stack of "Luminflux" enables the Ultimate DMG dealt by the wearer to ignore 27/30/33/36/39% of the target's DEF. When the wearer's turn ends, removes 1 stack of "Luminflux."",The Hunt
23032,Scent Alone Stays True,Light Cone,5,"Increases the wearer's Break Effect by 60/70/80/90/100%. After the wearer uses Ultimate to attack enemy targets, inflicts the targets with the "Woefree" state, lasting for 2 turn(s). While in "Woefree," enemy targets take 10/12/14/16/18% increased DMG. The effect of increasing DMG taken is additionally boosted by 8/10/12/14/16% if the wearer's current Break Effect is 150% or higher.",Abundance
23033,"Ninjutsu Inscription: Dazzling Evilbreaker",Light Cone,5,"Increases the wearer's Break Effect by 60/70/80/90/100%. When entering battle, immediately regenerates 30/32.5/35/37.5/40 Energy. After the wearer uses Ultimate, obtains "Raiton." After using 2 Basic ATKs, advances the wearer's action by 50/55/60/65/70% and removes "Raiton." After the wearer uses Ultimate, resets "Raiton."",Erudition
23034,A Grounded Ascent,Light Cone,5,"After the wearer uses Skill or Ultimate on one ally character, the wearer regenerates 6/6.5/7/7.5/8 Energy and the ability's target receives 1 stack of "Hymn" for 3 turn(s), stacking up to 3 time(s). Each stack of "Hymn" increases its holder's DMG dealt by 15/17.25/19.5/21.75/24%. After every 2 instance(s) of Skill or Ultimate the wearer uses on one ally character, recovers 1 Skill Point.",Harmony
23035,Long Road Leads Home,Light Cone,5,"Increases the wearer's Break Effect by 60/70/80/90/100%. When an enemy target's Weakness gets broken, there is a 100% base chance to inflict the "Charring" state on it, which increases its Break DMG taken by 18/21/24/27/30%, lasting for 2 turn(s). This effect can stack 2 time(s).",Nihility
23036,TIme Woven Into Gold,Light Cone,5,"Increases the wearer's base SPD by 12/14/16/18/20. After the wearer and the wearer's memosprite attacks, the wearer gains 1 stack of "Brocade." Each stack of "Brocade" increases the wearer's and their memosprite's CRIT DMG by 9/10.5/12/13.5/15%, stacking up to 6 time(s). When reaching maximum stacks, each "Brocade" stack additionally increases Basic ATK DMG dealt by 9/10.5/12/13.5/15%.",Remembrance
23037,Into the Unreachable Veil,Light Cone,5,"Increases the wearer's CRIT Rate by 12/14/16/18/20%. When the wearer uses their Ultimate, increases DMG dealt by the wearer's Skill and Ultimate by 60/70/80/90/100%, lasting for 3 turn(s). After the wearer uses their Ultimate, if this Ultimate consumed 140 or more Energy, recovers 1 Skill Point.",Erudition
23038,If Time Were a Flower,Light Cone,5,"Increases the wearer's CRIT DMG by 36/42/48/54/60%. After the wearer launches a Follow-up ATK, additionally regenerates 12 Energy and gains "Presage," lasting for 2 turn(s). While the wearer has "Presage," all ally targets' CRIT DMG increases by 48/60/72/84/96%. When entering battle, the wearer regenerates 21 Energy and gains "Presage," lasting for 2 turn(s).",Harmony
23039,"Flame of Blood, Blaze My Path",Light Cone,5,"Increases the wearer's Max HP by 18/21/24/27/30% and Incoming Healing by 20/25/30/35/40%. When using Skill or Ultimate, consumes HP equal to 6/6.5/7/7.5/8% of the wearer's Max HP and increases the DMG dealt by this attack by 30/35/40/45/50%. If this effect's consumed HP is greater than 500, the DMG additionally increases by 30/35/40/45/50%. If the current HP is not sufficient, this effect reduces the wearer's current HP down to 1.",Destruction
23040,Make Farewells More Beautiful,Light Cone,5,"Increases the wearer's Max HP by 30/38/45/53/60%. When the wearer or their memosprite loses HP during their own turn, the wearer gains "Death Flower," which allows the wearer and their memosprite to ignore 30/35/40/45/50% of the target's DEF when dealing DMG, lasting for 2 turn(s). When the wearer's memosprite disappears, advances the wearer's action by 12/15/18/21/24%. This effect can only trigger up to 1 time, and the trigger count resets every time the wearer uses Ultimate.",Remembrance
23041,Life Should Be Cast to Flames,Light Cone,5,"When the wearer's turn starts, regenerates 10 Energy. If the enemy target has a Weakness implanted by the wearer, increases the wearer's DMG dealt to it by 60/70/80/90/100%. When an enemy target gets attacked by the wearer, the wearer decreases the target's DEF by 12/15/18/21/24%, lasting for 2 turn(s). The same types of effects cannot stack.",Erudition
24000,On the Fall of an Aeon,Light Cone,5,"Whenever the wearer attacks, their ATK is increased by 8/10/12/14/16% in this battle. This effect can stack up to 4 time(s). After a character inflicts Weakness Break on an enemy, the wearer's DMG increases by 12/15/18/21/24% for 2 turn(s).",Destruction
24001,Cruising in the Stellar Sea,Light Cone,5,"Increases the wearer's CRIT rate by 8/10/12/14/16%, and increases their CRIT rate against enemies with HP less than or equal to 50% by an extra 8/10/12/14/16%. When the wearer defeats an enemy, their ATK is increased by 20/25/30/35/40% for 2 turn(s).",The Hunt
24002,Texture of Memories,Light Cone,5,"Increases the wearer's Effect RES by 8/10/12/14/16%. If the wearer is attacked and has no Shield, they gain a Shield equal to 16/18/20/22/24% of their Max HP for 2 turn(s). This effect can only be triggered once every 3 turn(s). If the wearer has a Shield when attacked, the DMG they receive decreases by 12/15/18/21/24%.",Preservation
24003,Solitary Healing,Light Cone,5,"Increases the wearer's Break Effect by 20/25/30/35/40%. When the wearer uses their Ultimate, increases DoT dealt by the wearer by 24/30/36/42/48%, lasting for 2 turn(s). When a target enemy suffering from DoT imposed by the wearer is defeated, regenerates 4/4.5/5/5.5/6 Energy for the wearer.",Nihility
24004,Eternal Calculus,Light Cone,5,"Increases the wearer's ATK by 8/9/10/11/12%. After using an attack, for each enemy target hit, additionally increases ATK by 4/5/6/7/8%. This effect can stack 5 times and last until the next attack. If there are 3 or more enemy targets hit, this unit's SPD increases by 8/10/12/14/16%, lasting for 1 turn(s).",Erudition
24005,"Memory's Curtain Never Falls",Light Cone,5,"Increases the wearer's SPD by 6/7.5/9/10.5/12%. After the wearer uses Skill, increases the DMG dealt by all allies by 8/10/12/14/16%, lasting for 3 turn(s).",Remembrance
1001,March 7th,Character,4,"A girl who once slumbered in eternal ice and knows nothing about her past. To find out the truth about her origins, she decided to travel with the Astral Express. As of right now, she has prepared about 67 different versions of her life story for herself.",Preservation
1002,Dan Heng,Character,4,"A cold and reserved young man who is reticent about his past. To avoid his kin, he decided to travel with the Astral Express.",The Hunt
1003,Himeko,Character,5,"The one who repaired the Astral Express. To witness the vast starry sky, she decided to travel with the Astral Express. Her hobby is brewing hand-made coffee.",Erudition
1004,Welt,Character,5,"A seasoned member of the Express Crew. The passion buried in his heart burns anew as he enjoys this fresh adventure. Occasionally, he would sketch the experiences in a notebook.",Nihility
1005,Kafka,Character,5,"A member of the Stellaron Hunters. A dashing, collected, and professional beauty. Used the enchantment of Spirit Whisper to set up Trailblazer to absorb the Stellaron. Her hobby is shopping for and organizing her collection of coats.",Nihility
1006,Silver Wolf,Character,5,"A member of the Stellaron Hunters and a genius hacker. She sees the universe as a massive immersive simulation game and has fun with it. She's mastered the skill known as ""aether editing,"" which can be used to tamper with the data of reality.",Nihility
1008,Arlan,Character,4,"The head of Herta Space Station's Security Department. This quiet boy hopes to protect the researchers who value their pursuit of knowledge, and to help them to complete their work.",Destruction
1009,Asta,Character,4,"The lead researcher of Herta Space Station and a lady from a renowned family. She's an astronomer overflowing with curiosity, and excels at managing the disparate staff of the space station.",Harmony
1013,Herta,Character,4,Member 83 of the Genius Society. The real master of the space station. An incredibly intelligent yet unsympathetic scientist.,Erudition
1101,Bronya,Character,5,"Heir apparent to the Supreme Guardian of Belobog. She possesses pride befitting of a princess, but also the determination and integrity of a soldier.",Harmony
1102,Seele,Character,5,"A resident of the Underworld and the backbone of Wildfire. She goes by the alias ""Babochka."" She has a frank personality, but there is a delicate and sensitive hidden side to her deep in her heart.",The Hunt
1103,Serval,Character,4,"A Belobog mechanic who used to be a researcher for the Technology Division of the Architects. As Gepard Landau's elder sister, her personality stands in stark contrast to her brother's. She loves an ancient form of music known as ""rock 'n' roll"" that was popular before the Eternal Freeze.",Erudition
1104,Gepard,Character,5,A captain in the Silvermane Guards and an outstanding warrior of Belobog. He is meticulous and vigilant to the core and is always true to himself.,Preservation
1105,Natasha,Character,4,"A doctor from the Underworld and a caregiver of children. Alongside her kindness and caring, she also has a hidden dangerous side.",Abundance
1106,Pela,Character,4,An intelligence officer for the Silvermane Guards. She has a serious personality and is revered by other members of the Silvermane Guards.,Nihility
1107,Clara,Character,5,"A vagrant girl who lives with robots. She is introverted, gentle, and has a pure heart. She wishes for all Underworlders to become a family.",Destruction
1108,Sampo,Character,4,"A merchant who freely travels between the Overworld and the Underworld. He acts like he is everyone's friend, is enthusiastically humorous, and is good at bantering.",Nihility
1109,Hook,Character,4,"Boss (self-proclaimed) of an Underworld adventure squad, The Moles. She loves freedom and sees life as a series of adventures.",Destruction
1110,Lynx,Character,4,"A Belobogian Snow Plains Explorer, and the youngest of the Landau siblings. Calm and collected, with a strong drive for action. Often embarks on solo adventures to explore the snowy wilderness.",Abundance
1111,Luka,Character,4,"The boxing champion in Belobog's Underworld, and one of Wildfire's most capable fighters. The consecutive reigning champion of the Fight Club, whose enthusiasm inspires children of the Underworld to dream big.",Nihility
1112,Topaz & Numby,Character,5,"Topaz is the Leader of the Special Debts Picket Team and high-level manager of the Strategic Investment Department under the Interastral Peace Corporation. A member of the ""Ten Stonehearts"" at a young age, Topaz's foundational expertise is ""debt retrieval."" Her partner, the Warp Trotter ""Numby,"" is also capable of keenly perceiving where ""riches"" are located, ensuring that jobs based in security, debt collection, and actuarial varieties are of no great challenge. At presently they are traveling the cosmos together, seeking all manner of liability disputes that might be affecting the stable progression of the IPC's businesses.",The Hunt
1201,Qingque,Character,4,"Diviner of the Divination Commission on the Xianzhou Luofu, and a librarian. Always slacks off and is about to be demoted to a ""door guardian.""",Erudition
1202,Tingyun,Character,4,"Amicassador of the Sky-Faring Commission of the Xianzhou Luofu. She travels with business delegates, forging trade relationships and alliances with many worlds.",Harmony
1203,Luocha,Character,5,"Carrying a coffin wherever he goes, he is a foreign trader who came from beyond the stellar seas. Has excellent medical skills.",Abundance
1204,Jing Yuan,Character,5,"The Divine Foresight, one of the Seven Arbiter-Generals of the Xianzhou Alliance, leads the Cloud Knights of the Xianzhou Luofu. A student of the Luofu's previous Sword Champion, though not known for his martial prowess.",Erudition
1205,Blade,Character,5,"A member of the Stellaron Hunters, and a swordsman who abandoned his body to become a blade. Pledges loyalty to ""Destiny's Slave,"" and possesses a terrifying self healing ability.",Destruction
1206,Sushang,Character,4,"Born on the Xianzhou Yaoqing, sent to the Cloud Knights of the Luofu for military training. She wields her family sword, a gift from her mother, and longs for the future she will go on to write.",The Hunt
1207,Yukong,Character,4,"Head of the Sky-Faring Commission on the Xianzhou Luofu. Yukong was a seasoned pilot and a deadshot. Since heading up the commission, she's been buried under mountains of paperwork.",Harmony
1208,Fu Xuan,Character,5,Head of the Divination Commission on the Luofu. The person who uses the third eye and Matrix of Prescience to foretell the route of Xianzhou and the outcomes of events.,Preservation
1209,Yanqing,Character,5,General Jing Yuan's retainer. A gifted swordsman who hasn't even come of age. No one can best Yanqing when he holds a sword in hand.,The Hunt
1210,Guinaifen,Character,4,"A performance artist visiting the Xianzhou Luofu - in other words, a street performer. She's chasing a new life on the Luofu when not concerned with food and shelter.",Nihility
1211,Bailu,Character,5,"The High Elder of the Vidyadhara, who is also known as the ""Healer Lady"" on the Luofu. She uses her unique medical science and the medical treatment that can only be provided by the Vidyadhara dragon race to save lives.",Abundance
1212,Jingliu,Character,5,"Former Sword Champion of the Luofu, and the creator of the Cloud Knights' legends of undefeated might. Now, her name has been wiped from the records, and she is a traitor of the Xianzhou walking on the fine line between sanity and mara- struck.",Destruction
1213,Dan Heng - Imbibitor Lunae,Character ,5,"Dan Heng's true form from his Vidyadhara lineage carries the residual power left behind by his past incarnation, the Imbibitor Lunae. Upon accepting the majestic horns atop his crown, he must accept all the merits and faults attributed to that sinner.",Destruction
1214,Xueyi,Character,4,"Judge of the Ten-Lords Commission, which presides over the jurisdiction of life and death on the Luofu. For years after her death, she inhabited a puppet body and returned to the world to fulfill her mission.",Destruction
1215,Hanya,Character,4,"One of the judges of the Xianzhou Luofu's Ten-Lords Commission. Ordained by the Ten-Lords and wielding the authority of the Oracle Brush, she reads the multitudes of human sins and transgressions, then issues punishments and karmic retribution.",Harmony
1217,Huohuo,Character,5,"A trainee Ten-Lords Commission Judge of the Xianzhou Luofu, she is a young foxian girl possessed by a heliobus. She is a timid and weak girl who is afraid of all kinds of strange things, but is responsible for luring and subduing evil spirits.",Abundance
1218,Jiaoqiu,Character,5,"A foxian healer and counselor from the Xianzhou Yaoqing. Often greets people with a smile on his face and a scheme in his heart. Born into a prestigious Alchemy Commission family, he once withdrew from practicing medicine due to a broken heart. However, he returned to the field to treat "the Merlin's Claw," General Feixiao. Skilled in the study of alchemical prescription that views food as medicine, especially those that induce a sensation of spiciness. They invented a cauldron-based medicinal formula known as the "nine-squared grid."",Nihility
1220,Feixiao,Character,5,"The Xianzhou Yaoqing's Merlin's Claw and one of the Seven Arbiter-Generals. Unconventional and straightforward, she exudes effortless charm. She is skilled in all forms of martial arts and has honed herself into a supreme weapon. She is widely adored by Xianzhou soldiers and civilians alike as "The Vanquishing General." However, she bears the burden of the Moon Rage affliction. If she were to hunt down all the abominations in her limited lifetime â€” then the only enemy Feixiao has would be herself.",The Hunt
1221,Yunli,Character,5,"A sword hunter from the Xianzhou Zhuming and "the Flaming Heart" General Huaiyan's darling granddaughter. Frank and straightforward. She has learned swordplay and forging from Huaiyan since she was young, and thus is the second-youngest prodigy swordmaster of the Flamewheel Octet. Fueled by an intense loathing for the cursed swords that emerged from the Zhuming, she vowed to "hunt down and wipe out all cursed swords.",Destruction
1222,Lingsha,Character,5,"The new Cauldron Master of the Xianzhou Luofu's Alchemy Commission is one perceptive and intelligent Vidyadhara healer. With a keen sense of smell, she diagnoses ailments and calms minds with aromatic therapy. Adept at navigating complex social relationships, she can remain impeccably composed even when turmoil rages within.",Abundance
1223,Moze,Character,4,"A Shadow Guard of the Yaoqing, Moze is taciturn and solitary, always acting on his own. As an expert in intelligence services and other operations that must remain covert, Moze rarely shows himself before others. The moment he reveals his blade usually spells doom for his enemies. He commands a vast wealth of assassination techniques, coupled with an extraordinary obsession for orderliness and cleanliness.",The Hunt
1224,March 7th(The Hunt),Character,4,"March 7th in a Xianzhou-styled outfit. A sword-wielding female martial artist. Learning swordplay from both Yunli and Yanqing, she is eager to create more beautiful memories on the Xianzhou.",The Hunt
1225,Fugue,Character,5,"A tactful foxian girl, whose appearance, name, and identity have all been stolen. The fates have left her a thread of chance at survival, yet the brand of Destruction still writhes with anticipation. The one in a fugue who has experienced life and death and is given a new life... when would she be able to return home?",Nihility
1301,Gallagher,Character,4,"A security officer of the Bloodhound Family at Penacony. He is always courteous toward visiting guests but keeps his vigilance about him. He seems to carry a weight of a complicated past, yet he never voluntarily divulges any details.",Abundance
1302,Argenti,Character,5,"A paragon knight of the Knights of Beauty who is piously seeking his missing Aeon, Idrila the Beauty. Forthright and candid, he wanders the cosmos espousing the virtues of Idrila's good name.",Erudition
1303,Ruan Mei,Character,5,A member of the Genius Society and an expert in life sciences. She teamed up with Herta and others to develop the Simulated Universe.,Harmony
1304,Aventurine,Character,5,"A high-ranking executive of the IPC's Strategic Investment Department. A risk-taker, his constant smile makes it difficult for people to discern his true feelings.",Preservation
1305,Dr. Ratio,Character,5,"Member of the Intelligentsia Guild. Eccentric temperament, sharp-tongued but with an elegant demeanor. The face under the strange alabaster head sculpture is apparently unexpectedly handsome.",The Hunt
1306,Sparkle,Character,5,"A member of the Masked Fools. Inscrutable and unscrupulous. A dangerous maestro of theatrics, utterly engrossed in the art of performance. Adorned with innumerable masks, she is the hero with a thousand faces. Wealth, status, power... None of those matters to Sparkle. The only thing that can get her attention is ""amusement.""",Harmony
1307,Black Swan,Character,5,"A Memokeeper of the Garden of Recollection. An indolent and mysterious soothsayer. ""Remembrance"" of men are hers to heed, threads of fate are hers to tug.",Nihility
1308,Acheron,Character,5,"A drifter claiming to be a Galaxy Ranger. Her true name is unknown. She walks the cosmos alone, carrying with her a long sword.",Nihility
1309,Robin,Character,5,"A Halovian singer who was born in Penacony and has risen to cosmic fame. An elegant and demure young lady. This time, she has been invited home by The Family to grace everyone with song during the Charmony Festival. She can use the power of ""Harmony"" to broadcast her music, manifesting ""resonance"" among not only her fans but all manner of lifeforms.",Harmony
1310,Firefly,Character,5,"A member of the Stellaron Hunters, clad in a set of mechanized armor known as ""SAM."" Her character is marked by unwavering loyalty and steely resolve. Engineered as a weapon against the Swarm, she experiences accelerated growth, but a tragically shortened lifespan. She joined the Stellaron Hunters in a quest for a chance at ""life,"" seeking to defy her fated demise.",Harmony
1312,Misha,Character,4,A well-behaved young man serving as a hotel bellboy in Penacony. Misha has a great longing for the Nameless and dreams of one day embarking on a journey of his own.,Destruction
1313,Sunday,Character,5,"The dream of the Order has dissipated, yet there are still those who will not give up on their original intent. â€” The traveler whose wings were clipped... whereto shall his footsteps lead?",Harmony
1314,Jade,Character,5,"A senior manager in the IPC Strategic Investment Department and one of the Ten Stonehearts, known for her cornerstone ""Jade of Credit."" A cold and elegant moneylender, she is skilled at understanding the human heart, with a personal hobby called ""Bonajade Exchange."" She's willing to wait patiently for high-value acquisitions and adept at extracting value from seemingly destitute clients.",Destruction
1315,Boothill,Character,5,"A cyborg cowboy drifting among the stars. Extremely optimistic and unrestrained. He is a member of the Galaxy Rangers who swore to punish the wretched by any and all means... His flamboyant and brash actions were all to draw the attention of the Interastral Peace Corporation - the target of his revenge.",Erudition
1317,Rappa,Character,5,"A peculiar girl who appears in Penacony like a flashbang at the darkest hour of night, identifying herself as a ninja and attributing everything in the world to "ninjutsu." Upholding the recitation of ninja mantra, creating Dazzling Ninja Seals, and studying ninja scrolls â€” That is, the Way of the Ninja involves rap, graffiti, and manga â€” Through rigorous self-discipline, she roams the stars, upholding justice and righteousness. As a member of the Galaxy Rangers, she relentlessly pursues the villain known as Evil Ninja Osaru, chasing them to the very edge of the Cosmos.",Erudition
1401,The Herta,Character,5,"Esteemed Genius Society #83, human, female, young, beautiful, attractive. It's said that she lives in the far edge of the Cosmos, almost never leaving. Sounds like her appearance this time...must be for some issue that requires a personal touch, right?",Erudition
1402,Aglaea,Character,5,"In that holy city kissed by the dawn, the weaver caresses the golden threads, entwining fates. The Chrysos Heir that bears the "Romance" Coreflame gathered the world's heroes, leading them on a long journey once more â€” to topple the gods, reclaim the divine flame, and grant rebirth to the nearly fallen Amphoreus.",Remembrance
1404,Mydei,Character,5,"Kremnos, the mist-shrouded city of chaos and war! Its royal lineage is tainted with patricide, and its god bears the name of calamity. The undying Mydeimos, the lion apart from the rest. Chrysos Heir who seeks the Coreflame of Strife, must suffer a thousand deaths, be bathed in blood on the path home, and bear the madness of fate alone. â€” Kingslayer be king, godslayer be god. Iron-hooves pound across the wilderness for the campaign, and must eventually soak in the blood of their homeland.",Destruction
1403,Tribbe,Character,5,"From that holy land blessed by the tripartite prophecy, the messenger split into a thousand forms, embarking on a long journey. Tribios, Holy Maiden of Janusopolis, the Chrysos Heir who stole Passage's Coreflame, toiled for the masses and brought the news of deliverance to all domains. â€” Seek the children of humanity with golden blood in their veins, shatter the dimmest dark in this world, and walk toward the tomorrow where the stars gleam.",Harmony
1405,Anaxa,Character,5,"The Grove of Epiphany, where knowledge flourishes and philosophers are born. Yet here stands Anaxagoras the blasphemer, the Chrysos Heir who challenges the Coreflame of Reason. He is questioned: Would you defy the prophecy even if you must bear infamy, and insist on driving the thorns of doubt into the Sacred Tree of wisdom? â€”â€”"Ridiculous. In a world full of lies, I am the only truth."",Erudition
1406,Cipher,Character,5,"In the fallen city of bandits, Dolos, the 300 Rogues run wild and free, the entire city at their mercy. Race onward, fleet-footed Thief Star Cifera, Chrysos Heir of the "Trickery" Coreflame, and may your web of lies spread with the breeze throughout all lands â€” "Trying to trick me? Don't even think about it!"",Nihility
1407,Castorice,Character,5,"Aidonia, the snowy land that respects and worships death, has already sunken into sweet slumber. O Castorice, daughter of the River of Souls, the Chrysos Heir in search of the Coreflame of "Death," set forth! Guard the lament of the souls in this world, and embrace the solitude of destiny. â€” Life and death is a journey. When a butterfly rests on that dead branch, the withered will be reborn again.",Remembrance
1409,Hyacine,Character,5,"As the city-state in the clouds crumbles through time, the Twilight Courtyard opens its gates once more, bringing a glimmer of light to Evernight. You, Physician Hyacinthia, Chrysos Heir who guards the Sky Coreflame, must inherit your ancestors' will and mend the torn fabric of dusk and dawn. May the rainbow light pour down, dissolve all grudges, and bring the dawn back to this land.",Remembrance
8001,Trailblazer (Male),Character,5,A girl/boy who boarded the Astral Express. She/He chose to travel with the Astral Express to eliminate the dangers posed by the Stellaron.,Destruction
8002,Trailblazer (Female),Character,5,A girl/boy who boarded the Astral Express. She/He chose to travel with the Astral Express to eliminate the dangers posed by the Stellaron.,Destruction
8003,Trailblazer (Male),Character,5,A girl/boy who boarded the Astral Express. She/He chose to travel with the Astral Express to eliminate the dangers posed by the Stellaron.,Preservation
8004,Trailblazer (Female),Character,5,A girl/boy who boarded the Astral Express. She/He chose to travel with the Astral Express to eliminate the dangers posed by the Stellaron.,Preservation
8005,Trailblazer (Male),Character,5,A girl/boy who boarded the Astral Express. They chose to travel with the Astral Express to eliminate the dangers posed by the Stellaron.,Harmony
8006,Trailblazer (Female),Character,5,A girl/boy who boarded the Astral Express. They chose to travel with the Astral Express to eliminate the dangers posed by the Stellaron.,Harmony
8007,Trailblazer (Male),Character,5,A girl/boy who boarded the Astral Express. They chose to travel with the Astral Express to eliminate the dangers posed by the Stellaron.,Remembrance
8008,Trailblazer (Female),Character,5,A girl/boy who boarded the Astral Express. They chose to travel with the Astral Express to eliminate the dangers posed by the Stellaron.,Remembrance